Model,Best_CV_MAE,Num_Trials
RandomForest,0.1725373525307119,50
XGBoost,0.17479669269324738,50
LightGBM,0.1752524906207476,50
Ridge,0.2959642997258976,50
