Model,Best_CV_MAE,Num_Trials
RandomForest,0.17860324421491222,30
XGBoost,0.2229111364622744,30
LightGBM,0.22395816755121623,30
Ridge,0.24833015144072523,30
