{
  "LightGBM": {
    "model_params": {
      "n_estimators": 400,
      "max_depth": 6,
      "learning_rate": 0.028708934448315664,
      "num_leaves": 31,
      "min_child_samples": 18,
      "reg_alpha": 1.140469021542898e-07,
      "reg_lambda": 1.754637499116754e-05,
      "subsample": 0.968610532968695,
      "colsample_bytree": 0.7913970528552681
    },
    "lags": [
      1,
      2,
      4
    ],
    "cv_mae": 0.1752524906207476
  },
  "XGBoost": {
    "model_params": {
      "n_estimators": 241,
      "max_depth": 8,
      "learning_rate": 0.028108456678033973,
      "min_child_weight": 23,
      "reg_alpha": 2.06240373405838e-07,
      "reg_lambda": 1.9761530615111163e-06,
      "gamma": 6.93810222670581e-05,
      "subsample": 0.6876936692465817,
      "colsample_bytree": 0.9245376379181086
    },
    "lags": [
      1,
      2,
      4
    ],
    "cv_mae": 0.17449044903436628
  },
  "RandomForest": {
    "model_params": {
      "n_estimators": 177,
      "max_depth": 14,
      "min_samples_leaf": 8,
      "min_samples_split": 19,
      "max_features": 0.6219930410131621
    },
    "lags": [
      1,
      2,
      4
    ],
    "cv_mae": 0.17253735253071187
  },
  "Ridge": {
    "model_params": {
      "alpha": 0.011486841190757206
    },
    "lags": [
      1,
      2,
      4
    ],
    "cv_mae": 0.2959642997258976
  }
}