{
  "LightGBM": {
    "model_params": {
      "n_estimators": 363,
      "max_depth": 5,
      "learning_rate": 0.04203420940081096,
      "num_leaves": 8,
      "min_child_samples": 62,
      "reg_alpha": 0.059836442391685354,
      "reg_lambda": 1.1364249432634102e-05,
      "subsample": 0.803525882872708,
      "colsample_bytree": 0.618286963457023
    },
    "lags": [
      1,
      2,
      4
    ],
    "cv_mae": 0.22025906708097542
  },
  "XGBoost": {
    "model_params": {
      "n_estimators": 344,
      "max_depth": 9,
      "learning_rate": 0.027275987425146444,
      "min_child_weight": 10,
      "reg_alpha": 0.005512298508375822,
      "reg_lambda": 0.0004136535303550128,
      "gamma": 0.0003561144727606346,
      "subsample": 0.85510252878251,
      "colsample_bytree": 0.8539811287430448
    },
    "lags": [
      1,
      2,
      4
    ],
    "cv_mae": 0.22177703646880698
  },
  "RandomForest": {
    "model_params": {
      "n_estimators": 146,
      "max_depth": 13,
      "min_samples_leaf": 7,
      "min_samples_split": 3,
      "max_features": 0.8227892724483444
    },
    "lags": [
      1,
      2,
      4
    ],
    "cv_mae": 0.18876499729108437
  },
  "Ridge": {
    "model_params": {
      "alpha": 97.07859308276133
    },
    "lags": [
      1,
      2,
      4
    ],
    "cv_mae": 0.2545955136467701
  }
}