Model,Best_CV_MAE,Num_Trials
RandomForest,0.18007833414286278,50
XGBoost,0.19102185766963384,50
LightGBM,0.19421135849431811,50
Ridge,0.2847702626813484,50
