Model,Best_CV_MAE,Num_Trials
RandomForest,0.16152115768163272,50
XGBoost,0.1696508502974211,50
LightGBM,0.17251724513050432,50
Ridge,0.22568142270620795,50
