Model,Best_CV_MAE,Num_Trials
RandomForest,0.18876499729108437,50
XGBoost,0.2142483136482181,50
LightGBM,0.22025906708097542,50
Ridge,0.2545955136467701,50
