{
  "LightGBM": {
    "model_params": {
      "n_estimators": 393,
      "max_depth": 9,
      "learning_rate": 0.03984726267151497,
      "num_leaves": 69,
      "min_child_samples": 20,
      "reg_alpha": 0.001316340279131417,
      "reg_lambda": 1.4022527463902708e-07,
      "subsample": 0.9778675668198336,
      "colsample_bytree": 0.8087393287000286
    },
    "lags": [
      1,
      2,
      3,
      4,
      8
    ],
    "cv_mae": 0.22395816755121623
  },
  "XGBoost": {
    "model_params": {
      "n_estimators": 264,
      "max_depth": 8,
      "learning_rate": 0.02387096925324483,
      "min_child_weight": 24,
      "reg_alpha": 1.5491934140270393e-07,
      "reg_lambda": 6.163451894429185,
      "gamma": 0.07277917990903293,
      "subsample": 0.7497230061314516,
      "colsample_bytree": 0.7966742627568109
    },
    "lags": [
      1,
      2,
      3,
      4,
      8
    ],
    "cv_mae": 0.2229111364622744
  },
  "RandomForest": {
    "model_params": {
      "n_estimators": 334,
      "max_depth": 10,
      "min_samples_leaf": 9,
      "min_samples_split": 13,
      "max_features": 0.7940244946318307
    },
    "lags": [
      1,
      2,
      3,
      4,
      8
    ],
    "cv_mae": 0.17860324421491225
  },
  "Ridge": {
    "model_params": {
      "alpha": 0.0010511403646116153
    },
    "lags": [
      1,
      2,
      4,
      8
    ],
    "cv_mae": 0.24833015144072523
  }
}