Model,Best_CV_MAE,Num_Trials
RandomForest,0.16311669011198934,50
LightGBM,0.17072946679902878,50
XGBoost,0.17372999819048068,50
Ridge,0.260751436876937,50
