Model,Best_CV_MAE,Num_Trials
RandomForest,0.1702292769340677,50
XGBoost,0.18997383045997798,50
LightGBM,0.19573485516787614,50
Ridge,0.23070144491666322,50
