Model,Best_CV_MAE,Num_Trials
RandomForest,0.15998899375983813,50
XGBoost,0.178212996659785,50
LightGBM,0.1790412557406778,50
Ridge,0.533331768039802,50
