{
  "LightGBM": {
    "model_params": {
      "n_estimators": 352,
      "max_depth": 5,
      "learning_rate": 0.054772802963951456,
      "num_leaves": 27,
      "min_child_samples": 12,
      "reg_alpha": 0.0002842473193927063,
      "reg_lambda": 2.3423015464568214e-05,
      "subsample": 0.7918621798632476,
      "colsample_bytree": 0.75222904958772
    },
    "lags": [
      1,
      2,
      4
    ],
    "cv_mae": 0.21647401422956808
  },
  "XGBoost": {
    "model_params": {
      "n_estimators": 361,
      "max_depth": 6,
      "learning_rate": 0.02323924554520819,
      "min_child_weight": 49,
      "reg_alpha": 4.176843083157831e-08,
      "reg_lambda": 0.0244284269730202,
      "gamma": 0.19790875047204173,
      "subsample": 0.9574550293987862,
      "colsample_bytree": 0.776381563347483
    },
    "lags": [
      1,
      2,
      4
    ],
    "cv_mae": 0.2195866872563127
  },
  "RandomForest": {
    "model_params": {
      "n_estimators": 85,
      "max_depth": 13,
      "min_samples_leaf": 7,
      "min_samples_split": 6,
      "max_features": 0.8479913951077571
    },
    "lags": [
      1,
      2,
      4
    ],
    "cv_mae": 0.1840556837256308
  },
  "Ridge": {
    "model_params": {
      "alpha": 99.96823298650865
    },
    "lags": [
      1,
      2,
      4
    ],
    "cv_mae": 0.25457097198272477
  }
}