Model,Best_CV_MAE,Num_Trials
RandomForest,0.1840556837256308,100
LightGBM,0.21647401422956808,100
XGBoost,0.2195866872563127,100
Ridge,0.25457097198272477,100
