Model,Best_CV_MAE,Num_Trials
RandomForest,0.17660456442535935,50
XGBoost,0.19630891164862196,50
LightGBM,0.19640066685703475,50
Ridge,0.5945155823252365,50
