{
  "LightGBM": {
    "model_params": {
      "n_estimators": 363,
      "max_depth": 5,
      "learning_rate": 0.04203420940081096,
      "num_leaves": 8,
      "min_child_samples": 62,
      "reg_alpha": 0.059836442391685354,
      "reg_lambda": 1.1364249432634102e-05,
      "subsample": 0.803525882872708,
      "colsample_bytree": 0.618286963457023
    },
    "lags": [
      1,
      2,
      4
    ],
    "cv_mae": 0.22025906708097542
  },
  "XGBoost": {
    "model_params": {
      "n_estimators": 312,
      "max_depth": 4,
      "learning_rate": 0.07459916360362157,
      "min_child_weight": 48,
      "reg_alpha": 4.294968848394246e-05,
      "reg_lambda": 6.026463801633851e-05,
      "gamma": 0.1302496068262341,
      "subsample": 0.7512687955250839,
      "colsample_bytree": 0.7062481851624813
    },
    "lags": [
      1,
      2,
      4
    ],
    "cv_mae": 0.2142483136482181
  },
  "RandomForest": {
    "model_params": {
      "n_estimators": 146,
      "max_depth": 13,
      "min_samples_leaf": 7,
      "min_samples_split": 3,
      "max_features": 0.8227892724483444
    },
    "lags": [
      1,
      2,
      4
    ],
    "cv_mae": 0.18876499729108437
  },
  "Ridge": {
    "model_params": {
      "alpha": 97.07859308276133
    },
    "lags": [
      1,
      2,
      4
    ],
    "cv_mae": 0.2545955136467701
  }
}